{
    "model_type": "svm",
    "params": {},
    "validation_accuracy": 0.5507850048061519,
    "classification_report": {
        "0": {
            "precision": 0.6209081309398099,
            "recall": 0.7050359712230215,
            "f1-score": 0.6603032004491859,
            "support": 834
        },
        "3": {
            "precision": 0.5669216061185468,
            "recall": 0.45615384615384613,
            "f1-score": 0.5055413469735721,
            "support": 1300
        },
        "4": {
            "precision": 0.6455122393472348,
            "recall": 0.559748427672956,
            "f1-score": 0.5995789473684211,
            "support": 1272
        },
        "9": {
            "precision": 0.4773310521813516,
            "recall": 0.5524752475247525,
            "f1-score": 0.5121615419917392,
            "support": 2020
        },
        "12": {
            "precision": 0.566805638276752,
            "recall": 0.7286881061766207,
            "f1-score": 0.6376326074818537,
            "support": 3918
        },
        "17": {
            "precision": 0.6702317290552585,
            "recall": 0.4915032679738562,
            "f1-score": 0.5671191553544496,
            "support": 765
        },
        "20": {
            "precision": 0.5248979591836734,
            "recall": 0.33229974160206716,
            "f1-score": 0.4069620253164557,
            "support": 1935
        },
        "21": {
            "precision": 0.48695003728560776,
            "recall": 0.608574091332712,
            "f1-score": 0.5410107705053854,
            "support": 3219
        },
        "23": {
            "precision": 0.6028589185829708,
            "recall": 0.46080760095011875,
            "f1-score": 0.5223478729133011,
            "support": 2105
        },
        "24": {
            "precision": 0.5997610513739546,
            "recall": 0.3696612665684831,
            "f1-score": 0.45740318906605926,
            "support": 1358
        },
        "accuracy": 0.5507850048061519,
        "macro avg": {
            "precision": 0.5762178362345161,
            "recall": 0.5264947567178435,
            "f1-score": 0.5410060657420422,
            "support": 18726
        },
        "weighted avg": {
            "precision": 0.5575280774823922,
            "recall": 0.5507850048061519,
            "f1-score": 0.54399760005098,
            "support": 18726
        }
    },
    "confusion_matrix": [
        [
            588,
            22,
            1,
            105,
            35,
            0,
            13,
            26,
            2,
            42
        ],
        [
            46,
            593,
            10,
            196,
            165,
            13,
            84,
            118,
            30,
            45
        ],
        [
            2,
            13,
            712,
            40,
            51,
            51,
            12,
            230,
            150,
            11
        ],
        [
            124,
            104,
            27,
            1116,
            202,
            29,
            148,
            181,
            31,
            58
        ],
        [
            42,
            32,
            37,
            134,
            2855,
            9,
            154,
            516,
            84,
            55
        ],
        [
            11,
            39,
            61,
            64,
            33,
            376,
            23,
            102,
            46,
            10
        ],
        [
            50,
            58,
            6,
            290,
            655,
            15,
            643,
            174,
            22,
            22
        ],
        [
            19,
            64,
            106,
            149,
            558,
            22,
            72,
            1959,
            211,
            59
        ],
        [
            7,
            48,
            121,
            78,
            253,
            31,
            19,
            545,
            970,
            33
        ],
        [
            58,
            73,
            22,
            166,
            230,
            15,
            57,
            172,
            63,
            502
        ]
    ]
}