{
    "model_type": "svm",
    "params": {},
    "validation_accuracy": 0.5581010359927374,
    "classification_report": {
        "0": {
            "precision": 0.6877234803337307,
            "recall": 0.6918465227817746,
            "f1-score": 0.6897788404064554,
            "support": 834
        },
        "3": {
            "precision": 0.5661625708884688,
            "recall": 0.46076923076923076,
            "f1-score": 0.5080576759966073,
            "support": 1300
        },
        "4": {
            "precision": 0.6370967741935484,
            "recall": 0.5589622641509434,
            "f1-score": 0.5954773869346733,
            "support": 1272
        },
        "9": {
            "precision": 0.4946902654867257,
            "recall": 0.5534653465346535,
            "f1-score": 0.522429906542056,
            "support": 2020
        },
        "12": {
            "precision": 0.5698580851489107,
            "recall": 0.7276671771311893,
            "f1-score": 0.6391660127788363,
            "support": 3918
        },
        "17": {
            "precision": 0.6758620689655173,
            "recall": 0.5124183006535947,
            "f1-score": 0.5828996282527881,
            "support": 765
        },
        "20": {
            "precision": 0.5321683876092137,
            "recall": 0.3462532299741602,
            "f1-score": 0.419536631183469,
            "support": 1935
        },
        "21": {
            "precision": 0.489450441609421,
            "recall": 0.6197576887232059,
            "f1-score": 0.546949965729952,
            "support": 3219
        },
        "23": {
            "precision": 0.60880195599022,
            "recall": 0.4731591448931116,
            "f1-score": 0.532477947072975,
            "support": 2105
        },
        "24": {
            "precision": 0.6028921023359288,
            "recall": 0.39911634756995584,
            "f1-score": 0.4802835622507754,
            "support": 1358
        },
        "accuracy": 0.5581010359927374,
        "macro avg": {
            "precision": 0.5864706132561686,
            "recall": 0.534341525318182,
            "f1-score": 0.5517057557148588,
            "support": 18726
        },
        "weighted avg": {
            "precision": 0.5646969460685108,
            "recall": 0.5581010359927374,
            "f1-score": 0.5523979125238273,
            "support": 18726
        }
    },
    "confusion_matrix": [
        [
            577,
            27,
            1,
            101,
            43,
            0,
            20,
            24,
            4,
            37
        ],
        [
            38,
            599,
            13,
            184,
            169,
            16,
            83,
            117,
            32,
            49
        ],
        [
            2,
            13,
            711,
            36,
            52,
            49,
            8,
            237,
            156,
            8
        ],
        [
            90,
            121,
            27,
            1118,
            201,
            30,
            158,
            177,
            32,
            66
        ],
        [
            32,
            30,
            33,
            124,
            2851,
            8,
            156,
            534,
            92,
            58
        ],
        [
            8,
            38,
            69,
            57,
            35,
            392,
            18,
            90,
            42,
            16
        ],
        [
            32,
            60,
            3,
            290,
            628,
            15,
            670,
            190,
            19,
            28
        ],
        [
            12,
            50,
            114,
            141,
            545,
            23,
            71,
            1995,
            208,
            60
        ],
        [
            2,
            46,
            121,
            66,
            249,
            35,
            21,
            534,
            996,
            35
        ],
        [
            46,
            74,
            24,
            143,
            230,
            12,
            54,
            178,
            55,
            542
        ]
    ]
}