{
    "model_type": "svm",
    "params": {},
    "validation_accuracy": 0.5711844494286019,
    "classification_report": {
        "0": {
            "precision": 0.7294871794871794,
            "recall": 0.6822541966426858,
            "f1-score": 0.7050805452292441,
            "support": 834
        },
        "3": {
            "precision": 0.5992779783393501,
            "recall": 0.5107692307692308,
            "f1-score": 0.5514950166112956,
            "support": 1300
        },
        "4": {
            "precision": 0.6693914623069936,
            "recall": 0.5794025157232704,
            "f1-score": 0.6211546565528867,
            "support": 1272
        },
        "9": {
            "precision": 0.5065344749887337,
            "recall": 0.5564356435643565,
            "f1-score": 0.5303137532436896,
            "support": 2020
        },
        "12": {
            "precision": 0.5857697812308321,
            "recall": 0.7312404287901991,
            "f1-score": 0.6504711090929731,
            "support": 3918
        },
        "17": {
            "precision": 0.7229102167182663,
            "recall": 0.6104575163398693,
            "f1-score": 0.6619418851878102,
            "support": 765
        },
        "20": {
            "precision": 0.5168100078186083,
            "recall": 0.34160206718346253,
            "f1-score": 0.4113254511512135,
            "support": 1935
        },
        "21": {
            "precision": 0.5010178117048346,
            "recall": 0.6116806461634048,
            "f1-score": 0.550846272205903,
            "support": 3219
        },
        "23": {
            "precision": 0.5805938494167551,
            "recall": 0.5201900237529691,
            "f1-score": 0.5487346529691807,
            "support": 2105
        },
        "24": {
            "precision": 0.6151241534988713,
            "recall": 0.4013254786450663,
            "f1-score": 0.4857397504456328,
            "support": 1358
        },
        "accuracy": 0.5711844494286019,
        "macro avg": {
            "precision": 0.6026916915510425,
            "recall": 0.5545357747574515,
            "f1-score": 0.5717103092689828,
            "support": 18726
        },
        "weighted avg": {
            "precision": 0.5756960339740298,
            "recall": 0.5711844494286019,
            "f1-score": 0.5663283388023088,
            "support": 18726
        }
    },
    "confusion_matrix": [
        [
            569,
            28,
            1,
            123,
            43,
            1,
            17,
            27,
            2,
            23
        ],
        [
            16,
            664,
            13,
            160,
            121,
            22,
            70,
            124,
            52,
            58
        ],
        [
            0,
            18,
            737,
            29,
            34,
            43,
            7,
            215,
            177,
            12
        ],
        [
            91,
            118,
            17,
            1124,
            201,
            16,
            180,
            172,
            35,
            66
        ],
        [
            24,
            22,
            27,
            126,
            2865,
            4,
            190,
            518,
            99,
            43
        ],
        [
            3,
            31,
            60,
            33,
            19,
            467,
            13,
            67,
            53,
            19
        ],
        [
            31,
            41,
            4,
            301,
            641,
            13,
            661,
            185,
            27,
            31
        ],
        [
            12,
            49,
            101,
            119,
            560,
            25,
            78,
            1969,
            255,
            51
        ],
        [
            3,
            53,
            121,
            50,
            204,
            38,
            18,
            485,
            1095,
            38
        ],
        [
            31,
            84,
            20,
            154,
            203,
            17,
            45,
            168,
            91,
            545
        ]
    ]
}